{
	"format_version": "1.8.0",
	"animations": {
		"animation.demon.summon": {
			"loop": "hold_on_last_frame",
			"animation_length": 5,
			"bones": {
				"body": {
					"position": {
						"0.0": [0, -41, 0],
						"3.0": [0, 0, 0],
						"5.0": [0, 0, 0]
					}
				},
				"leg_right": {
					"rotation": {
						"0.0": [0, 0, 0],
						"2.0": [0, 0, 0],
						"3.0": [-114.6209, -21.65511, 55.93202],
						"5.0": [-114.6209, -21.65511, 55.93202]
					}
				},
				"arm_right": {
					"rotation": {
						"0.0": [0, 0, 0],
						"0.5": [0, 105, 0],
						"0.75": [0, 90, 0],
						"1.7917": [0, 0, 0]
					}
				},
				"leg_right2": {
					"rotation": {
						"0.0": [0, 0, 0],
						"2.0": [0, 0, 0],
						"3.0": [19.95241, 3.38004, -20.54457],
						"5.0": [19.95241, 3.38004, -20.54457]
					}
				},
				"head": {
					"rotation": {
						"0.0": [72.5, 0, 0],
						"1.0": [72.5, 0, 0],
						"2.875": [0, 0, 0],
						"3.0": [4.8597, 17.45453, 7.86173],
						"5.0": [4.8597, 17.45453, 7.86173]
					}
				},
				"upper_torso": {
					"rotation": {
						"0.0": [80, 0, 0],
						"3.0": [0, 0, 0],
						"5.0": [0, 0, 0]
					}
				},
				"jaw": {
					"rotation": {
						"0.0": [-2.5, 0, 0],
						"2.875": [-2.5, 0, 0],
						"3.0": [-25, 0, 0],
						"5.0": [-25, 0, 0]
					}
				},
				"leg_left": {
					"rotation": {
						"0.0": [0, 0, 0],
						"2.0": [0, 0, 0],
						"3.0": [-125.13524, 9.59151, -60.8132],
						"5.0": [-125.13524, 9.59151, -60.8132]
					}
				},
				"leg_left2": {
					"rotation": {
						"0.0": [0, 0, 0],
						"2.0": [0, 0, 0],
						"3.0": [-41.58593, 3.54914, -41.83661],
						"5.0": [-41.58593, 3.54914, -41.83661]
					}
				},
				"arm_left": {
					"rotation": {
						"0.0": [0, 0, 0],
						"0.0417": [-230, 0, 0],
						"0.5": [-230, 0, 0],
						"1.5": [0, 0, 0],
						"3.0": [0, 0, 0],
						"5.0": [0, 0, 0]
					},
					"position": {
						"0.0": [0, 1.38227, -6.86217],
						"0.5": [0, 0, 0]
					}
				}
			}
		},
		"animation.demonic_trader.sitting_talking": {
			"loop": true,
			"animation_length": 4,
			"bones": {
				"arm_right": {
					"rotation": {
						"3.0": {
							"vector": [0, 0, 0]
						},
						"3.0833": {
							"vector": [-9.99527, 0.21782, 2.4905]
						},
						"3.2917": {
							"vector": [-9.99527, 0.21782, 2.4905]
						},
						"3.375": {
							"vector": [0, 0, 0]
						}
					}
				},
				"head": {
					"rotation": {
						"3.0": {
							"vector": [0, 0, 0]
						},
						"3.75": {
							"vector": [2.5, 0, 0]
						},
						"4.0": {
							"vector": [0, 0, 0]
						}
					}
				},
				"jaw": {
					"rotation": {
						"3.0": {
							"vector": [0, 0, 0]
						},
						"3.125": {
							"vector": [5, 0, 0]
						},
						"3.25": {
							"vector": [0, 0, 0]
						},
						"3.375": {
							"vector": [12.5, 0, 0]
						},
						"3.5": {
							"vector": [0, 0, 0]
						}
					}
				},
				"arm_right2": {
					"rotation": {
						"3.0": {
							"vector": [0, 0, 0]
						},
						"3.0833": {
							"vector": [-7.5, 0, 0]
						},
						"3.2917": {
							"vector": [-7.5, 0, 0]
						},
						"3.375": {
							"vector": [0, 0, 0]
						}
					}
				}
			}
		},
		"animation.demon.idle": {
			"loop": true,
			"animation_length": 4,
			"bones": {
				"arm_right": {
					"rotation": {
						"3.0": [0, 0, 0],
						"3.0833": [-9.99527, 0.21782, 2.4905],
						"3.2917": [-9.99527, 0.21782, 2.4905],
						"3.375": [0, 0, 0]
					}
				},
				"head": {
					"rotation": {
						"3.0": [0, 0, 0],
						"3.75": [2.5, 0, 0],
						"4.0": [0, 0, 0]
					}
				},
				"jaw": {
					"rotation": {
						"3.0": [0, 0, 0],
						"3.125": [5, 0, 0],
						"3.25": [0, 0, 0],
						"3.375": [12.5, 0, 0],
						"3.5": [0, 0, 0]
					}
				},
				"arm_right2": {
					"rotation": {
						"3.0": [0, 0, 0],
						"3.0833": [-7.5, 0, 0],
						"3.2917": [-7.5, 0, 0],
						"3.375": [0, 0, 0]
					}
				},
				"body": {
					"position": {
						"0.0": [0, 0, 0],
						"2.0": [0, 3, 0],
						"4.0": [0, 0, 0]
					}
				},
				"leg_right": {
					"rotation": [-114.6209, -21.65511, 55.93202]
				},
				"leg_right2": {
					"rotation": [19.95241, 3.38004, -20.54457]
				},
				"leg_left": {
					"rotation": [-125.13524, 9.59151, -60.8132]
				},
				"leg_left2": {
					"rotation": [-41.58593, 3.54914, -41.83661]
				},
				"upper_torso": {
					"rotation": [0, 0, 0]
				},
				"arm_left": {
					"rotation": [0, 0, 0]
				}
			}
		},
		"animation.demon.static": {
			"loop": true,
			"animation_length": 3,
			"bones": {
				"body": {
					"position": [0, 0, 0]
				},
				"leg_right": {
					"rotation": [-114.6209, -21.65511, 55.93202]
				},
				"leg_right2": {
					"rotation": [19.95241, 3.38004, -20.54457]
				},
				"head": {
					"rotation": [4.8597, 17.45453, 7.86173]
				},
				"upper_torso": {
					"rotation": [0, 0, 0]
				},
				"jaw": {
					"rotation": [-25, 0, 0]
				},
				"leg_left": {
					"rotation": [-125.13524, 9.59151, -60.8132]
				},
				"leg_left2": {
					"rotation": [-41.58593, 3.54914, -41.83661]
				},
				"arm_left": {
					"rotation": [0, 0, 0]
				}
			}
		}
	},
	"geckolib_format_version": 2
}